.omo/evidence/family-experience-market-ready-platform/task-2-fix2-doneclaim.md	4007
.omo/evidence/family-experience-market-ready-platform/task-2-code-quality-review.md	6442
.omo/evidence/family-experience-market-ready-platform/task-2-fix2-red-include-bypass.txt	1271
.omo/evidence/family-experience-market-ready-platform/task-2-fix2-focused-scanClaims.txt	364
.omo/evidence/family-experience-market-ready-platform/task-2-fix2-final-verify.txt	493
.omo/evidence/family-experience-market-ready-platform/task-2-fix2-manual-eval-include-bypass.txt	973
.omo/evidence/family-experience-market-ready-platform/task-2-fix2-manual-evidence-include-bypass.txt	990
.omo/evidence/family-experience-market-ready-platform/task-2-fix2-manual-positive-caveat.txt	510
.omo/evidence/family-experience-market-ready-platform/task-2-fix2-malformed-include.txt	505
.omo/evidence/family-experience-market-ready-platform/task-2-fix2-cleanup.txt	224
