path	sha256
.\apps\family-experience-mcp\src\etl\cacheContract.ts	ec1bd21f227bb192803ac7bd2ad0d2a808903c4e6722ce934efc1f1b8b1d41f0
.\apps\family-experience-mcp\test\etlNationwide.test.ts	857fd2d26af735194dda43da6b3244e7b4d2cd8bee2e31ca12b01a6bbf5eaae5
.omo\evidence\family-experience-market-ready-platform\task-4-baseline-partial-cache.txt	5860173f6e6eb76a9035913695eb8050658f6b21114970d3c2a38e52dbd9bbbf
.omo\evidence\family-experience-market-ready-platform\task-4-claim-scan-repro.txt	c770c98d13aa1b010d939c5778107df022f143b837eac928ff562fb290f756e9
.omo\evidence\family-experience-market-ready-platform\task-4-cleanup.txt	425c0a3f8c77d0c27f03cd1c2fb52fdfdfeec1e3d919c5fb6ab223642b07c454
.omo\evidence\family-experience-market-ready-platform\task-4-code-quality-review.md	ac561d20739b8d2fda1f35d76be38d7d75443e39c660a0c6d66d12974e5952ab
.omo\evidence\family-experience-market-ready-platform\task-4-diff.patch	f4fbb640e80499695b1270b96a31efbd3298c6c7a76992ca655e891f3160ba13
.omo\evidence\family-experience-market-ready-platform\task-4-doneclaim.md	e296dc3a05efebcaa8599962b1c0ec75b9edec1f6f8b1d1bf891cc56717d7494
.omo\evidence\family-experience-market-ready-platform\task-4-escape-hatch-scan.txt	f23706111248d8e0a9fb251dfa7266a96ab138d80b2433e33eb51b27c04dd978
.omo\evidence\family-experience-market-ready-platform\task-4-focused-tests.txt	3ba565a1480be0815cd9ba25340b9559bd000c4f13fee2fe28e6f760b188cc36
.omo\evidence\family-experience-market-ready-platform\task-4-loc.tsv	14e068982c32b9ee03866c353928481ce5ff42472feca7be30b25658b87edad9
.omo\evidence\family-experience-market-ready-platform\task-4-manual-cache-query-probes.txt	15956bf76c1e2c1bfd3bc414655959e89b34f2943b3e75f6697734dcd0a71cda
.omo\evidence\family-experience-market-ready-platform\task-4-notepad.md	28a70bcad60142e1e1681d8d7b724f5655294722ac5a84c35cd43ffe957e6340
.omo\evidence\family-experience-market-ready-platform\task-4-red-metadata-tests.txt	8dc71369c5d94fc21715bc3242e2ad437f65ca34a26ad395962eea2dba1495ed
.omo\evidence\family-experience-market-ready-platform\task-4-stale-cache.txt	942e9b17a813c8c4d62bc7e52af4e38bd4228464bdbd315edebd6319498a8637
.omo\evidence\family-experience-market-ready-platform\task-4-status.txt	f9929b8362449db0ceb636f7f6b4994108d1d2082a0e368d7e0b2a6eeb884449
.omo\evidence\family-experience-market-ready-platform\task-4-verify.txt	14574c2b124d150badd6c4c4d041276c29e1d0980d2d3514cf692dc00ee30f62
