9	scripts/pending-smoke.ts
77	scripts/scan-claims.ts
64	scripts/scan-secrets.ts
93	scripts/scan-sources.ts
238	scripts/smoke-golden.ts
71	scripts/smoke-mcp.ts
67	src/config.ts
32	src/health.ts
20	src/http-health.ts
20	src/index.ts
219	src/mcp.ts
248	src/pipeline/normalize.ts
144	src/pipeline/rank.ts
146	src/pipeline/render.ts
99	src/schemas.ts
248	src/server.ts
226	src/sources/fixture.ts
49	src/sources/registry.ts
249	src/sources/seoulCulture.ts
165	src/sources/types.ts
50	src/types.ts
28	test/config.test.ts
86	test/golden.test.ts
138	test/mcp.test.ts
160	test/pipeline.test.ts
88	test/playmcpMetadata.test.ts
15	test/scaffold.test.ts
96	test/schemas.test.ts
146	test/seoulCulture.test.ts
79	test/sources.test.ts
